Salesman_ID,Name,Country_ID
1,Nelia Braganca,144
2,Dennet Vasechkin,29
3,Christopher Beves,94
4,Rustie Cassam,73
5,Leif Shapira,248
6,Keven Bromfield,22
7,Shayne Piscopiello,128
8,Laurens Berthomier,151
9,Cristobal Labba,78
10,Nanice Tinghill,103
11,Irene Corbett,32
12,Marion Shallcross,192
13,Becka Nockles,101
14,Alice Cady,192
15,Filippo Allnatt,64
16,Linzy Addeycott,21
17,Sonny de Bullion,230
18,Sibilla MacKenzie,134
19,Crin Stratton,9
20,Gaylene Hebborne,42
21,Ange Walley,59
22,Rubie Shiers,135
23,Averill Pentycost,127
24,Flin Schwartz,152
25,Tripp Lowde,72
26,Haven Vautre,166
27,Pebrook Perceval,179
28,Augustina Djordjevic,1
29,Ginevra Wynch,47
30,Rafe Heisman,167
31,Hamlin Boldra,164
32,Marji Lumly,214
33,Georgy Mabone,202
34,Germain Conaghan,103
35,Carlotta Caskie,67
36,Gene Klimushev,55
37,Monty Pareman,66
38,Will Malamore,197
39,Carlyle Mingard,146
40,Orren Garrick,46
41,Hussein Marcam,46
42,Noel Wanden,139
43,Cherie Mayze,92
44,Selby Ingerith,218
45,Lanna Phillippo,127
46,Horacio Mitchelson,32
47,Eolande Semrad,187
48,Torry Geldeford,19
49,Sabine Clemence,42
50,Neddy Hartrick,88
51,Rodolfo Gitsham,66
52,Jenilee Toffanelli,87
53,Ardyth Cominello,39
54,Bryce Oven,78
55,Niall Urion,118
56,Carolus Sturch,116
57,Julianna Scargle,94
58,Umeko Stickler,104
59,Pietra Guerner,139
60,Gabriella Duly,122
61,Sandro Ostick,130
62,Sidonia Hucks,237
63,James Scothorne,149
64,Janeva Chatt,99
65,Ashli Eastway,215
66,Alina Cashford,4
67,Hartley Cartwright,42
68,Harmonie Gutridge,165
69,Letta Cayley,98
70,Harlen Emmer,10
71,Axel Bewly,164
72,Genevra Dossett,244
73,Thedric Clute,212
74,Sean Morrallee,99
75,Antonio Jacobssen,100
76,Anallise Keigher,131
77,Lyndy Merrin,1
78,Helaina Worham,114
79,Denyse Jorin,152
80,Loren Ingerith,178
81,Bran Marquis,14
82,Bernhard Richter,67
83,Lauritz Jamison,184
84,Wolfy Klimowicz,123
85,Vidovic Desborough,240
86,Riobard Rove,116
87,Des Le Fleming,13
88,Karia Mourbey,235
89,King Filintsev,8
90,Marcos Mees,74
91,Joel Tryme,13
92,Bendix Wolpert,95
93,Tildi Faye,188
94,Eirena Conneely,158
95,Davidson Pelman,185
96,Osgood Goldes,182
97,Abby Tonsley,83
98,Maurizio Tybalt,57
99,Elliot Abrams,45
100,Prisca Bottoner,196
101,Marjy Alliott,36
102,Padget Kennifick,109
103,Trista Dwelley,70
104,Izabel Recher,225
105,Krystle Veness,159
106,Siusan Plunkett,234
107,Clare Fermor,82
108,Tim Tremolieres,95
109,Wye Barnewall,102
110,Alyss Littlecote,64
111,Lorenzo Creavin,211
112,Lenore Sevin,169
113,Corenda Izkoveski,114
114,Addie Rew,193
115,Any Newbold,7
116,Adrianna Loveredge,235
117,Judy Messer,54
118,Charmain Adamovitz,122
119,Augustin Mosen,110
120,Greggory Hanford,176
121,Cherilyn Josebury,186
122,Petra Dungay,196
123,Denys Antoszewski,2
124,Ximenez Culligan,177
125,Ram Pennicott,187
126,Margery MacSweeney,52
127,Carlos Bowman,89
128,Odilia Allbon,74
129,Jewelle Hayers,19
130,Sigrid Slemming,91
131,Dion Thorneley,23
132,Dukey Skill,70
133,Sammie Baraclough,46
134,Elliott Klyn,153
135,Clerc Judkins,195
136,Dore Caveill,202
137,Lettie Willbond,106
138,Maryrose Kinchington,92
139,Graeme Moncarr,135
140,Fonsie Levinge,210
141,Moina Worssam,185
142,Annmaria Durgan,33
143,Seumas Stammirs,170
144,Hollyanne Ibotson,176
145,Siouxie Buckthorp,232
146,Prudy Colles,140
147,Guglielma Goldup,129
148,Lorelle Spaunton,189
149,Allard People,230
150,Raddie Ollet,173
151,Burke Pardoe,124
152,Burty Reedie,20
153,Willey Daenen,152
154,Flor Hovenden,43
155,Robin Sinclair,126
156,Neile Reisin,154
157,Lizabeth Piscotti,128
158,Freddi Vassay,181
159,Emogene McLewd,37
160,Chicky Snead,86
161,Melony Genn,208
162,Terencio Grimsdell,131
163,Gianni Shotter,28
164,Mason Shore,46
165,Jewell Sebrens,161
166,Hunter Gourlay,160
167,Arthur Hake,247
168,Ludovika Hourigan,114
169,Walt Boother,239
170,Dick MacTerlagh,27
171,Selinda Matyukon,207
172,Darci Scourge,72
173,Andrey Barens,126
174,Haven Lestrange,103
175,Philippa Jonathon,29
176,Olivie Standring,224
177,Josefina Smail,166
178,Evita Whiteman,25
179,Arabella Splaven,4
180,Carley Crutchfield,62
181,Dasya Tumielli,74
182,Ainsley Bentke,151
183,Fayth Woolway,186
184,Vida St Louis,197
185,Ida Bracey,147
186,Jedediah Smallthwaite,168
187,Alon Viggers,229
188,Paolina Ikringill,86
189,Othilie Reston,123
190,Aida Dodwell,60
191,Mal Winchester,26
192,Danice Casarini,174
193,Dasie Drewitt,2
194,Lenee Darwin,149
195,Lorelle Fray,136
196,Lucila Tapscott,122
197,Curcio Erington,52
198,Spenser Pirdue,91
199,Lev Piegrome,157
200,Burl Pennington,37
201,Giana Murie,80
202,Mayor Cambling,50
203,Christoph Cathrae,66
204,Janetta Gemeau,72
205,Stephine Redshaw,150
206,Onfroi Bathow,128
207,Taber Hendrix,227
208,Glynn Merman,219
209,Otes Westphal,60
210,Siffre MacBain,59
211,Berti McOnie,172
212,Nariko Jell,125
213,Shanie Radnedge,86
214,Renaud Windley,74
215,Ingeborg Presnall,12
216,Nat Kennedy,7
217,Pierson Ashness,82
218,Woody Brownill,104
219,Isidora Gawkes,87
220,Emmaline Carley,103
221,Naoma Baldini,20
222,Elie Cromarty,226
223,Aube Dunster,201
224,Jerrome Isenor,72
225,Izabel Pavyer,190
226,Jill Windram,46
227,Flin Worsnop,21
228,Vanny Lambert,33
229,Raeann Barkess,146
230,Jessi Cowill,10
231,Ev Ruppeli,31
232,Lilla Staterfield,73
233,Tate Parris,230
234,Staford Spillane,44
235,Elfrida Leggen,83
236,Pepillo McCarly,77
237,Hazlett McCrillis,199
238,Lisabeth Aartsen,6
239,Bucky Sheryne,101
240,Joy Karpe,125
241,Lucias Scoles,59
242,Bryce Dillinger,166
243,Maybelle Hallowell,6
244,Dasha Ginni,247
245,Ogden Boyan,69
246,Seamus Fibbit,73
247,Nicky Alvarado,197
248,Suzann Innott,153
249,Pietro Fright,101
250,Ellissa Baribal,142
251,Sylas O'Hengerty,150
252,Nollie Castanyer,156
253,Heddie Davidov,214
254,Roley MacCambridge,237
255,Uta Bearblock,166
256,Gerladina Grumble,21
257,Caryl Dobby,199
258,Siward Luttger,139
259,Henka Whitwell,248
260,Katy Josuweit,149
261,Beverlie Titcumb,195
262,Jacinthe Stilldale,46
263,Benny Fairnie,109
264,Joyan De Vaan,215
265,Maisie Rodenburgh,33
266,Brewster Dorricott,10
267,Lind Bromfield,67
268,Audra Grigorini,109
269,Derrek Sherington,118
270,Sheree Tipper,63
271,Nicolas Starzaker,49
272,Sheffie Hanburry,29
273,Evelyn Rickertsen,81
274,Griffith Vickers,147
275,Ollie Harmer,190
276,Zorah Quaife,6
277,Melina Thrussell,88
278,Miranda Mallows,63
279,Ransell Amdohr,29
280,Sarge Beat,42
281,Kaspar Stubley,115
282,Jenny Broadberry,88
283,Burton Simes,71
284,Catriona Motton,228
285,Merrili Cawthorn,179
286,Martyn Orleton,152
287,Fanchon Kach,56
288,Mata Trevance,137
289,Glenden Halpine,169
290,Eward Tritton,154
291,Agathe Castellani,214
292,Myer Savil,200
293,Emmie Grigorushkin,88
294,Eydie Amorts,41
295,Adriena McQuilty,112
296,Bunny Glandon,237
297,Marni Ineson,154
298,Omar Priditt,40
299,Deborah Gayle,244
300,Anneliese Littley,121
301,Jacquenetta Lumm,62
302,Aurelia Felipe,38
303,Martainn Tutt,159
304,Filippa Hancock,115
305,Salomone Lanyon,126
306,Ingrim De Andreis,245
307,Cassie Mogie,71
308,Maggi Broadstock,34
309,Erina Winch,67
310,Reyna Beininck,94
311,Jeannie Weine,12
312,Jewel Champniss,187
313,Glyn Tooze,157
314,Bendicty De Castri,244
315,Brenna Fettiplace,197
316,Tessie Staries,55
317,Whitman Bront,227
318,Flin De Lasci,29
319,Randa Bapty,161
320,Edgardo Casley,103
321,Kari Kubiak,151
322,Andres Badby,47
323,Ardis Moutray Read,134
324,Basil Keynes,110
325,Dalt Sans,196
326,Koenraad Shelley,166
327,Paxon Benedick,21
328,Herrick Petley,26
329,Cassandre Pendell,20
330,Stanwood Bruckenthal,16
331,Harmonia De Ruggero,214
332,Sharron Wallage,105
333,Selle Swindley,151
334,Josepha Skuce,196
335,Harp Weatherell,129
336,Gabie Labb,70
337,Madeleine Ebbutt,123
338,Osmond Endean,211
339,Shayna Liddell,109
340,Roberta Fawthrop,127
341,Kristoffer Schelle,58
342,Bernetta Harcourt,179
343,Quincey Brandt,152
344,Ilaire Shaddick,127
345,Clo Danzey,183
346,Danika Petris,57
347,Joshuah Crosham,70
348,Nial Bastian,11
349,Priscilla Olorenshaw,181
350,Melisande Cator,40
351,Alexis Lopes,144
352,Baxie Everleigh,66
353,Roderich Panswick,48
354,Edna Berndtsson,176
355,Terri Flicker,122
356,Raffaello Vickars,154
357,Alexa Shubotham,127
358,Laurence Meadowcroft,19
359,Tedi Hare,186
360,Land Glyde,227
361,Brandy Bowskill,200
362,Kitty Leddie,108
363,Sally Kilbee,145
364,Almire Treen,41
365,Flori Byfield,121
366,Athene Eddison,177
367,Gery Ledward,205
368,Krisha Lugton,12
369,Aimee Glenn,87
370,Joshua Mitchelson,163
371,Halie Wiltshear,27
372,Ruttger Sobczak,30
373,Gustavus Jandourek,17
374,Belvia Maylour,2
375,Leighton Pinnock,213
376,Avrom Gunston,174
377,Gunner Vibert,197
378,Nikki Gorrick,125
379,Hadley Edgell,139
380,Cinda Hassin,56
381,Paulita Weddup,248
382,Rourke Curragh,47
383,Carce Pleming,130
384,Marijo Skillitt,117
385,Norah Van Saltsberg,149
386,Karyl Oret,75
387,Corbet Lavrick,234
388,Vaughan Gillanders,29
389,Karlyn Georges,52
390,Pearla O'Neil,33
391,Goldina Mousley,215
392,Emmott Jiruch,40
393,Horacio Amor,102
394,Elise Mathan,67
395,Zachary Palliser,7
396,Nada Eisikovitsh,84
397,Phillie Letch,6
398,Yvor Luc,60
399,Kermie Merioth,139
400,Katina Murrhardt,180
401,Isis Blondell,227
402,Alexis Bunney,218
403,Eleanor Valentelli,11
404,Ferd Lilian,157
405,Janine Blaisdell,45
406,Alayne Josh,38
407,Tore Sculpher,120
408,Carr Cota,153
409,Goldarina Scoggin,23
410,Holli Scammell,187
411,Brnaby Hassekl,183
412,Dorella Klaessen,44
413,Ferdie Kalkofer,169
414,Ardene Gourlie,113
415,Pepita Standall,203
416,Dal Genge,124
417,Tana Yourell,18
418,Jolyn Gelletly,130
419,Maureen Serot,69
420,Amos Nimmo,61
421,Arnuad Duran,101
422,Minne Wethered,76
423,Herve Gribbell,7
424,Banky Bundock,102
425,Patsy Dransfield,162
426,Karrah Springett,215
427,Lola Challenor,23
428,Helli Goney,109
429,Lena Langdridge,31
430,Corina Helstrom,114
431,Karlens Hew,31
432,Hugues Fitzgerald,161
433,Kim Rule,233
434,Cinnamon Fanner,2
435,Gretna Lumm,191
436,Baxy Allbut,97
437,Jodie Leafe,64
438,Nari Pyson,5
439,Helenka Slowcock,101
440,Kamillah Cronk,247
441,Federica Ganning,161
442,Yorgos Quilliam,135
443,Mil Izaks,87
444,Thurston Biagioni,227
445,Gav Schwartz,166
446,Nonie Kob,79
447,Etti Thomelin,141
448,Willi Noller,121
449,Kristoffer Froom,235
450,Curcio Izacenko,219
451,Julio Ghilardi,129
452,Jasmine Gwilt,127
453,Timmy Leebeter,37
454,Honor Schulze,177
455,Adda Coddrington,29
456,Cora Windeatt,90
457,Somerset Attreed,121
458,Mommy Retallack,180
459,Candy Koubu,226
460,Falkner Konrad,33
461,Shari Bullivent,186
462,Juliane Knevet,173
463,Melonie Doick,222
464,Dalston Imason,209
465,Kerr Unwins,223
466,Jorrie Hurran,249
467,Tova Bench,129
468,Grethel Cranson,201
469,Briggs Gumly,34
470,Mason Chable,240
471,Winn Clews,107
472,Horatius Corsham,135
473,Burlie Coultous,26
474,Ileana Astbury,223
475,Alaric Trebble,69
476,Bliss Clewarth,42
477,Allard O'Harney,32
478,Alexa Sorrel,185
479,Walt Mallinder,92
480,Willette Imlen,74
481,Philippine Gossling,87
482,Whitaker Elkington,225
483,Torrin Rodger,210
484,Kerrill Keyzor,56
485,Jane Gerok,63
486,Temp Glaserman,233
487,Courtenay Leadstone,227
488,Rene Boldt,122
489,Zenia McMylor,143
490,Maryl Bog,60
491,Patin Kleynen,33
492,Haleigh Crotty,167
493,Netti Egentan,35
494,Zared Taree,161
495,Nadya Kiely,189
496,Ennis Gorring,134
497,Fredek Westcarr,87
498,Cristobal Gilbanks,29
499,Milena Heald,165
500,Ravi Detoile,213
501,Suzanna Berni,57
502,Dosi Jocic,150
503,Joelle Bartram,97
504,Ynez Viall,8
505,Barry Irnys,41
506,Aundrea Pennick,1
507,Alicia Blaisdale,48
508,Arel Gooch,215
509,Millie Crumby,95
510,Basia Hexum,242
511,Doe Briscam,180
512,Reeva Kitchingman,28
513,Madlen Russell,49
514,Hestia Cockshott,133
515,Kennie McFade,1
516,Davita Beamand,205
517,Gaby Gillmor,50
518,Jarrid Woodings,99
519,De Caddock,191
520,Ravid Petrelli,236
521,Baillie Carillo,159
522,Sebastien Bonelle,153
523,Meggi Sandiland,49
524,Tabor Brotherhed,84
525,Allene Rennolds,38
526,Emmanuel Querree,122
527,Marion Penylton,242
528,Bernetta Vinick,137
529,Ev Kesten,111
530,Willyt Wadge,214
531,Krishnah Shirtliff,182
532,Carolyne Calam,157
533,Suzanne Lindermann,182
534,Niko Ffoulkes,35
535,Sunny Hartland,32
536,Rockey Freeman,209
537,Pauly Sego,150
538,Thaxter Crosi,170
539,Stanly Tankard,216
540,Brynna Sives,123
541,Zea Roft,151
542,Prentice Jesper,171
543,Lilia Jarrett,57
544,Joella Gartland,40
545,Barron Hanburry,23
546,Gertie Egel,153
547,Lita Carley,104
548,Lacee Cleland,49
549,Evvie Ferrarin,207
550,Cal Northcott,207
551,Richard Heeley,205
552,Mersey Cawthorn,176
553,Zulema Thams,11
554,Jeanna Bucksey,133
555,Katusha Harmond,31
556,Judy Waitland,102
557,Micheal Berriball,11
558,Ulrikaumeko Stancliffe,150
559,Claudell Humphries,133
560,Aimil Liver,213
561,Gordan Cossam,227
562,Towney McCrostie,76
563,Jamill Braidon,104
564,Hamid Balassa,94
565,Ewell Canty,138
566,Delores Stang-Gjertsen,93
567,Nowell Storer,188
568,Travus Felderer,247
569,Steffie Calverley,51
570,Mace Camilli,231
571,Violante Andrioni,149
572,Row Yurocjkin,19
573,Freeman Lidgely,49
574,Mahalia Basire,106
575,Griselda Evert,121
576,Estelle Adrienne,39
577,Carolann de Clercq,249
578,Clarissa Whapples,59
579,Worthington Well,113
580,Nola Lavelle,11
581,Elisha Hainge,176
582,Cory Thormwell,83
583,Patrice Grahame,173
584,Pavlov Manuely,99
585,Margareta Hurdman,26
586,Prescott Thowes,98
587,Andonis Clemmett,184
588,Bambie McDuffy,71
589,Meredith Liffey,76
590,Terra Knaggs,31
591,Alidia Ritson,113
592,Filmer Backshell,104
593,Meghann Longmore,27
594,Winny Sealand,232
595,Kellina Sibbs,122
596,Yvon Stivens,199
597,Gabriele Carthew,165
598,Gael Brundell,162
599,Stefanie Boutton,194
600,Halsey Cridlan,175
601,Staffard Schoenfisch,71
602,Si McKerlie,51
603,Kristopher Brendel,194
604,Lory Petegree,195
605,Jaine Heis,240
606,Manda Furmonger,240
607,Laural Cunradi,2
608,Regan Dreini,179
609,Cooper Attwill,69
610,Payton McMeeking,67
611,Ryley Raselles,151
612,Devlin Tunmore,149
613,Bartolomeo Mithun,213
614,Talbert Dougan,43
615,Irita Laskey,153
616,Robina Dechelle,29
617,Tedi Hasluck,131
618,Calhoun Blazic,188
619,Concordia Toplin,48
620,Casandra Linstead,181
621,Lazarus Sircombe,75
622,Annabela Basire,10
623,Lexis Whitesel,90
624,Camey Serrels,28
625,Winn Kirwan,90
626,Delly Featherby,21
627,Lamond Shiril,140
628,Flori Dryburgh,205
629,Nikola Cattow,242
630,Radcliffe Middlebrook,80
631,Felice Gogarty,71
632,Bobbi O'Dowgaine,152
633,Dolli Hurdman,7
634,Neel Guyon,242
635,Roslyn Pentercost,161
636,Brose Goadbie,21
637,Jamie Attac,214
638,Sibelle Jameson,197
639,Sandie McClymond,178
640,Tandie Coan,224
641,Alix Scoffins,215
642,Ado Mannin,144
643,Min Bulle,37
644,Vale Dodd,90
645,Leonid Renault,171
646,Daphene Tremellan,86
647,Wileen Maskew,48
648,Robby Julian,67
649,Carlin MacCauley,38
650,Biron Brunsden,109
651,Hasty Doberer,99
652,Pegeen Breache,202
653,Rorke Baitson,247
654,Elwin Bartelot,20
655,Linea Brotherwood,24
656,Shanta Gazey,40
657,Lira McGaughay,22
658,Edeline Whytock,75
659,Bertha Nuzzetti,66
660,Amby Pydcock,76
661,Carmen Siverns,224
662,Corbie Cruden,35
663,Sibylla Scotchmer,19
664,Ripley Sturdey,102
665,Lin Vala,74
666,Judd Freeburn,52
667,Chick Iwaszkiewicz,192
668,Geraldine Humphrys,66
669,Anna-maria Greenshields,198
670,Andie Doblin,83
671,Giacinta Eardley,81
672,Bernie Neubigin,67
673,Loralyn Coenraets,61
674,Lindon Monteaux,126
675,Miguela Manser,8
676,Gal Woolaston,144
677,Val Licence,127
678,Adelina Finlater,136
679,Durward Edgeler,246
680,Gaylene Jennison,138
681,Drucill Mycock,156
682,Nerte Kristoffersson,189
683,Prentiss Martusov,115
684,Vyky Veschambre,113
685,Clevey Ornils,157
686,Keri Tuting,51
687,Lukas Grinnell,40
688,Towney Adney,107
689,Ronica Hovington,1
690,Cicely Koomar,133
691,Ameline Pond,8
692,Catherina Blague,64
693,Terrijo Wyness,111
694,Elmira Marfell,106
695,Millisent Rainbird,90
696,Truman Plume,178
697,Kalina Braywood,242
698,Trevor Fairfoot,237
699,Erik Charters,117
700,Ewart Ezzle,89
701,Carmella Broker,148
702,Enrichetta Downage,115
703,Efrem Blaxill,75
704,Junette Spofforth,63
705,Mason Luten,53
706,Cazzie Plaskett,65
707,Norma Tupie,6
708,Valera Letterese,131
709,Jayson Bumford,233
710,Bartholomeus Kivelhan,98
711,Maury Perrat,5
712,Karalee Baily,196
713,Allis Sokill,167
714,Mickie O'Sherin,79
715,Cassie Triner,66
716,Denice Cadden,31
717,Standford Slewcock,36
718,Perla Labell,23
719,Ashlen Zimmer,151
720,Georgie Deniset,173
721,Karleen Wands,222
722,Daren Foote,162
723,Torry Dominici,81
724,Morgan Kinworthy,36
725,Tait Coviello,203
726,Lexis Canny,159
727,Ashli Gouldie,136
728,Tyrone Mateo,133
729,Engelbert Schumacher,154
730,Walton O' Dooley,159
731,Grier Grimmolby,140
732,Gale Corballis,242
733,Axe Chedzoy,23
734,Juliana Cogman,129
735,Nomi Gaye,139
736,Maryrose Clausson,182
737,Chrotoem Cocksedge,144
738,Gale Davidovitz,112
739,Farrand Dorking,130
740,Morganica Shemwell,19
741,Fidela Hurry,134
742,Violette Sponton,183
743,Isador Noweak,138
744,Pall Balham,60
745,Eduard Flattman,142
746,Boonie Bollis,178
747,Adrienne Thonason,234
748,Norrie Raubenheim,207
749,Errick Dann,130
750,Osgood Farherty,69
751,Gery Kennedy,186
752,Kylie O'Hear,249
753,Shaine Ricardo,170
754,Noel Pallas,38
755,Ame Bain,11
756,Aura Fisher,73
757,Nickey Arends,220
758,Nerta Moutray Read,174
759,Jazmin Mueller,132
760,Gwenette Bon,167
761,Kelli Thome,111
762,Evangelin Demcak,143
763,Evyn Wheway,131
764,Twila Merington,222
765,Lucien Baruch,101
766,Odo Wight,114
767,Antonietta Attawell,173
768,Gianni Willimott,110
769,Bibby Topes,121
770,Tuck Cresar,29
771,Neill Odney,144
772,Obadiah Kobus,138
773,Elwyn Moodie,247
774,Blinny Courvert,97
775,Fredia Koppelmann,74
776,Richy Renshaw,71
777,Giffard O'Mahoney,25
778,Hildagard Couve,236
779,Eolanda Weinmann,124
780,Francyne Brunesco,18
781,Ransell Cawker,110
782,Tiffany Younghusband,104
783,Siusan Melburg,191
784,Ulrika Budgeon,102
785,Chiquita Klimus,107
786,Gwendolin Beveredge,49
787,Clarine Limb,99
788,Loralyn Taillard,125
789,Flo Renbold,147
790,Marlene Spinney,75
791,Chryste Greguoli,30
792,Ermin Vallentin,94
793,Henderson Peoples,122
794,Kelley De Roeck,37
795,Willette Seckington,207
796,Idelle Northrop,67
797,Marnie Cardero,27
798,Sheri Cavy,176
799,Clive Palatini,200
800,Morty Galier,107
801,Judye Raspison,47
802,Kale Hessay,50
803,Ally Meach,59
804,Waldemar Peppin,113
805,Camila Grono,212
806,Lind Beckles,84
807,Ely Gooder,78
808,Sylvan Dorrell,123
809,Isacco Hackett,64
810,Cindie Garrelts,19
811,Phyllis Worsnup,91
812,Mellicent Ravenscraft,139
813,Bertine Bodleigh,239
814,Keefer Iacoboni,139
815,Linus Vieyra,224
816,Lurlene Thunders,44
817,Loralie Orviss,231
818,Mada Taynton,15
819,Jaimie Reims,171
820,Sonnie O'Scandall,136
821,Tana Yurygyn,195
822,Yettie Thebes,125
823,Brittani Wintour,160
824,Conan Marsh,54
825,Deerdre Bothams,3
826,Lauralee Huckleby,66
827,Dorelia Fadden,97
828,Kakalina Cleft,206
829,Kaspar Woolaston,78
830,Patin Veazey,219
831,Bonnibelle Yeeles,194
832,Laryssa Duthie,3
833,Irita Rawsthorn,19
834,Codi Hurry,230
835,Melisande Meace,105
836,Skippy Sacher,15
837,Jarib Sola,100
838,Oby Livingstone,54
839,Christophe Applegate,219
840,Marice Bradtke,11
841,Cornie Mauditt,124
842,Pembroke Mehmet,28
843,Elihu Rochford,16
844,Avram Pettiford,242
845,Lemar Gerok,223
846,Audrye Elizabeth,97
847,Felic Johnsson,206
848,Florian Gillibrand,161
849,Georas Grelak,16
850,Joshia Youle,93
851,Randy Mottini,242
852,Rosamond Roddell,201
853,Lorette Firebrace,23
854,Isabelle Courtier,100
855,Andra Gurney,86
856,Fifi Courtes,216
857,Doroteya Bradmore,187
858,Frannie Sibbet,9
859,Cassaundra Longwood,4
860,Giuditta Kirrens,70
861,Amerigo Skirling,15
862,Lucia Chestnutt,195
863,Melonie Hanaby,171
864,Allistir Kempstone,33
865,Shanna Champneys,35
866,Vernen Thandi,206
867,Gardener Niece,2
868,Dorisa Greenman,23
869,Abdul Tellett,191
870,Yankee Garfath,62
871,Orland Gilston,128
872,Tierney Corps,163
873,Bria Thexton,142
874,Fanechka Clixby,181
875,Saleem Bramer,174
876,Malissia Rubra,45
877,Tabbitha Shenfish,190
878,Aylmar Corthes,191
879,Vaclav Stonebridge,243
880,Licha Liff,230
881,Sloan Hariot,86
882,Morse Kobera,89
883,Andrew Janning,132
884,Burke Dargie,15
885,Jehanna McIlvaney,22
886,Brigitte Daborne,236
887,Berkley Frayne,16
888,Orson De Witt,1
889,Demeter Benfield,141
890,Carolina Wofenden,217
891,Jaime Biggar,8
892,Vincenz Ockendon,50
893,Den Pennell,180
894,Annadiana Burghall,187
895,Nadeen Fludder,144
896,Celisse Imm,212
897,Kristoffer Giveen,21
898,Charisse McCreary,197
899,Jordan Faier,109
900,Bone Buer,121
901,Harmonia Perell,237
902,Melisa Earnshaw,149
903,Brynne Tyrrell,53
904,Siward Branno,83
905,Salomone Clemes,67
906,Madge Ealam,166
907,Ainslie Chown,13
908,Edgardo Knowlson,209
909,Yule Piff,48
910,Lorettalorna Grason,8
911,Amelita Luckhurst,51
912,Mirna Dayly,148
913,Norrie Rumens,165
914,Elora Tarbox,247
915,Leland Blomefield,110
916,Burl Brelsford,33
917,Barry Frude,222
918,Lemmie Pennacci,95
919,Gaylene Mordey,121
920,Russell Domegan,13
921,Ellery Alekseicik,88
922,Linzy Teall,156
923,Eirena Ostridge,82
924,Walt Isack,124
925,Madelina Glanz,79
926,Neal Dietmar,154
927,Mareah Loisi,100
928,Bobbee Bracegirdle,30
929,Dolorita Beedle,34
930,Zaria Sabbatier,37
931,Leisha Warmington,58
932,Tann Behnke,104
933,Percy Somerset,79
934,Letti Lawry,35
935,Eilis Bickley,39
936,Kelsi Tinmouth,219
937,Helena Rumbellow,226
938,Nigel Lundberg,73
939,Temple MacGown,3
940,Charity Serchwell,33
941,Dorine Naisbit,181
942,Carson Luberti,236
943,Alonzo Becconsall,82
944,Nolana Perche,105
945,Shawna Robet,97
946,Normie Trayling,200
947,Bastian Domonkos,26
948,Nikolai Worham,10
949,Stevy Figgs,109
950,Jacques Dunbar,20
951,Evelina Gillino,72
952,Janel Bondy,53
953,Alex Packer,41
954,Westley Flobert,127
955,Sayer Redhouse,68
956,Coretta Vogl,176
957,Florence Latham,223
958,Amaleta Scholig,100
959,Bond Sweet,230
960,Reggie Baford,85
961,Prisca Burdell,25
962,Vinson Dunniom,231
963,Kailey Kingsford,248
964,Ad Peat,140
965,Ruthanne Cabrara,178
966,Gilly Culleford,146
967,Jermain Granham,218
968,Gregory Izkovitz,117
969,Regen Valance,225
970,Micky Cantu,111
971,Aubine Francescuccio,58
972,Hernando Jimpson,8
973,Shawnee Huckerbe,33
974,Wittie Oakenfall,9
975,Catina McInility,174
976,Nelie Marwick,112
977,Sal Alyukin,168
978,Jackson Sycamore,230
979,Felipa Deniset,220
980,Meaghan Verbruggen,39
981,Allyson Leavesley,230
982,Corty Bachura,91
983,Kaitlyn Hablet,44
984,Dyann Kaemena,235
985,Willi Alfonso,96
986,Imogen Reignard,38
987,Braden Layus,10
988,Enoch Bagehot,232
989,Henriette McGeagh,200
990,Luis Sier,202
991,L;urette Dewan,248
992,Gates Guyton,6
993,Shelley Jealous,119
994,Holly Dablin,171
995,Angie Beeching,164
996,Adelind Gretham,61
997,Sal Scriven,177
998,Amerigo Tollit,82
999,Sella Inglesfield,205
1000,Hymie McGillacoell,61
